{"count":1,"self":54.080396799999995,"total":55.098590599999994,"children":{"InitializeActuators":{"count":1,"self":0.0015103999999999999,"total":0.0015103999999999999,"children":null},"InitializeSensors":{"count":1,"self":0.0018932999999999999,"total":0.0018932999999999999,"children":null},"AgentSendState":{"count":2499,"self":0.038619299999999995,"total":0.0562641,"children":{"CollectObservations":{"count":500,"self":0.0035374,"total":0.0035374,"children":null},"WriteActionMask":{"count":500,"self":0.0025052,"total":0.0025052,"children":null},"RequestDecision":{"count":500,"self":0.0116022,"total":0.0116022,"children":null}}},"DecideAction":{"count":2499,"self":0.8945217,"total":0.903145,"children":{"RayPerceptionSensor.Perceive":{"count":500,"self":0.0086233,"total":0.0086233,"children":null}}},"AgentAct":{"count":2499,"self":0.055383499999999995,"total":0.055383499999999995,"children":null}},"gauges":{"ChimeraMove.CumulativeReward":{"count":4,"max":2.48390675,"min":-3.73725367,"runningAverage":0.8291594,"value":2.48390675,"weightedAverage":1.1496402}},"metadata":{"timer_format_version":"0.1.0","start_time_seconds":"1770629019","unity_version":"2022.3.62f3c1","command_line_arguments":"E:\\unity\\2022.3.62f3c1\\Editor\\Unity.exe -projectpath E:\\UnityProject\\Project_Chimera -useHub -hubIPC -cloudEnvironment production -licensingIpc LicenseClient-EDY -hubSessionId c09b8350-0591-11f1-8339-35f1e4263681 -accessToken 82yACAtpXlC7550DAJOGCoHxe0mhCI6eNE9fx6NwueI01ef","communication_protocol_version":"1.5.0","com.unity.ml-agents_version":"2.0.2","scene_name":"SampleScene","end_time_seconds":"1770629074"}}